agency_id,state_name,region_name,agency_type_name
1516,California,West,County
1823,California,West,Tribal
25265,California,West,Tribal
25313,California,West,Tribal
30614,California,West,Tribal
32175,California,West,Tribal
1517,California,West,City
1518,California,West,City
1521,California,West,City
1522,California,West,City
1524,California,West,City
1525,California,West,City
1526,California,West,City
1527,California,West,City
1531,California,West,Other
937,California,West,County
1024,California,West,City
1026,California,West,City
1030,California,West,City
1032,California,West,County
938,California,West,City
1033,California,West,City
1034,California,West,City
1040,California,West,City
1044,California,West,City
939,California,West,City
941,California,West,City
942,California,West,City
943,California,West,City
945,California,West,City
947,California,West,City
950,California,West,City
951,California,West,Other
952,California,West,University or College
962,California,West,University or College
965,California,West,County
967,California,West,County
969,California,West,City
970,California,West,City
972,California,West,City
975,California,West,County
978,California,West,City
979,California,West,City
980,California,West,City
982,California,West,Other State Agency
985,California,West,University or College
988,California,West,County
991,California,West,Other State Agency
993,California,West,County
994,California,West,City
995,California,West,City
999,California,West,County
1000,California,West,City
1002,California,West,City
1003,California,West,City
1061,California,West,University or College
1065,California,West,County
1070,California,West,County
1004,California,West,City
1071,California,West,City
1005,California,West,City
1006,California,West,City
1073,California,West,City
1074,California,West,City
1007,California,West,City
1075,California,West,City
1077,California,West,City
1078,California,West,University or College
1081,California,West,Other State Agency
1008,California,West,City
1083,California,West,County
1084,California,West,City
1085,California,West,City
1009,California,West,City
1087,California,West,City
1088,California,West,City
1089,California,West,City
1095,California,West,County
1096,California,West,City
1101,California,West,City
1010,California,West,City
1012,California,West,City
1013,California,West,City
1014,California,West,City
1015,California,West,City
1021,California,West,City
1130,California,West,County
1131,California,West,City
1132,California,West,City
1135,California,West,County
1136,California,West,City
1142,California,West,City
1102,California,West,City
1143,California,West,City
1104,California,West,City
1105,California,West,City
1106,California,West,City
1147,California,West,City
1107,California,West,City
1108,California,West,City
1148,California,West,City
1110,California,West,City
1150,California,West,City
1113,California,West,City
1120,California,West,County
1151,California,West,University or College
1162,California,West,City
1164,California,West,City
1121,California,West,City
1122,California,West,City
1123,California,West,City
1165,California,West,City
1293,California,West,City
1168,California,West,City
1294,California,West,City
1170,California,West,City
1299,California,West,University or College
1302,California,West,County
1303,California,West,City
1306,California,West,County
1307,California,West,City
1310,California,West,County
1181,California,West,City
1311,California,West,City
1312,California,West,City
1313,California,West,City
1314,California,West,City
1182,California,West,City
1316,California,West,City
1183,California,West,City
1317,California,West,City
1318,California,West,City
1319,California,West,City
1320,California,West,City
1184,California,West,City
1321,California,West,City
1322,California,West,City
1185,California,West,City
1326,California,West,Other State Agency
1327,California,West,University or College
1329,California,West,County
1330,California,West,City
1331,California,West,City
1332,California,West,City
1335,California,West,Other State Agency
1187,California,West,City
1339,California,West,County
1340,California,West,City
1341,California,West,City
1344,California,West,City
1346,California,West,County
1188,California,West,City
1198,California,West,City
1202,California,West,City
1205,California,West,City
1347,California,West,City
1208,California,West,City
1210,California,West,City
1212,California,West,City
1215,California,West,City
1217,California,West,City
1219,California,West,City
1220,California,West,City
1227,California,West,City
1228,California,West,City
1230,California,West,City
1231,California,West,City
1234,California,West,City
1236,California,West,City
1348,California,West,City
1351,California,West,City
1352,California,West,City
1353,California,West,City
1237,California,West,City
1355,California,West,City
1239,California,West,City
1240,California,West,City
1242,California,West,University or College
1244,California,West,University or College
1245,California,West,University or College
1247,California,West,University or College
1250,California,West,University or College
1253,California,West,County
1358,California,West,City
1254,California,West,City
1255,California,West,City
1359,California,West,City
1360,California,West,City
1361,California,West,City
1263,California,West,City
1266,California,West,City
1267,California,West,City
1269,California,West,City
1362,California,West,City
1363,California,West,City
1364,California,West,City
1273,California,West,University or College
1277,California,West,County
1366,California,West,City
1280,California,West,City
1367,California,West,City
1282,California,West,City
1288,California,West,County
1368,California,West,City
1289,California,West,City
1290,California,West,City
1369,California,West,City
1291,California,West,City
1370,California,West,City
1292,California,West,City
1371,California,West,City
1396,California,West,City
1372,California,West,City
1399,California,West,Other State Agency
1408,California,West,City
1409,California,West,City
1410,California,West,City
1413,California,West,City
1415,California,West,City
1373,California,West,University or College
1377,California,West,Other State Agency
1380,California,West,City
1381,California,West,City
1422,California,West,City
1382,California,West,City
1383,California,West,City
1429,California,West,Other State Agency
1441,California,West,City
1384,California,West,City
1446,California,West,University or College
1385,California,West,City
1386,California,West,City
1451,California,West,City
1387,California,West,City
1389,California,West,University or College
1452,California,West,City
1454,California,West,City
1393,California,West,City
1395,California,West,City
1510,California,West,Other
1512,California,West,Other State Agency
1455,California,West,University or College
1456,California,West,City
1458,California,West,Other
1460,California,West,Other State Agency
1461,California,West,Other State Agency
1466,California,West,City
1467,California,West,University or College
1469,California,West,State Police
1470,California,West,County
1471,California,West,City
1479,California,West,City
1480,California,West,City
1481,California,West,City
1482,California,West,City
1485,California,West,City
1488,California,West,City
1499,California,West,Other
1675,California,West,University or College
1678,California,West,City
1685,California,West,County
1689,California,West,County
1690,California,West,City
1691,California,West,City
1692,California,West,City
1693,California,West,City
1694,California,West,City
1695,California,West,City
1696,California,West,City
1697,California,West,City
1705,California,West,City
1706,California,West,City
1707,California,West,City
1708,California,West,City
1709,California,West,City
1710,California,West,City
1519,California,West,City
1520,California,West,City
1711,California,West,City
1717,California,West,County
1718,California,West,City
1719,California,West,City
1720,California,West,City
1721,California,West,City
1722,California,West,City
1723,California,West,City
1724,California,West,City
1725,California,West,City
1726,California,West,University or College
1728,California,West,Other State Agency
1729,California,West,Other State Agency
1731,California,West,University or College
1735,,,
1736,California,West,City
1737,California,West,City
1523,California,West,City
1738,California,West,City
1739,California,West,City
1742,California,West,City
1745,California,West,University or College
1754,California,West,City
1757,California,West,County
1758,California,West,City
1759,California,West,City
1763,California,West,County
1768,California,West,City
1769,California,West,City
1770,California,West,City
1771,California,West,City
1772,California,West,City
1773,California,West,City
1774,California,West,City
1775,California,West,City
1781,California,West,County
1782,California,West,City
1791,California,West,City
1793,California,West,City
1794,California,West,City
1796,California,West,Other State Agency
1798,California,West,Other State Agency
1800,California,West,Other State Agency
1802,California,West,University or College
1803,California,West,University or College
1807,California,West,City
1809,California,West,City
1810,California,West,City
1813,California,West,University or College
1817,California,West,City
25263,California,West,City
27373,California,West,Other State Agency
27730,California,West,University or College
27731,California,West,Other
31874,California,West,Other State Agency
33177,California,West,City
33493,California,West,Other State Agency
33797,California,West,State Police
33830,California,West,State Police
33832,California,West,State Police
33834,California,West,State Police
33836,California,West,State Police
33838,California,West,State Police
33840,California,West,State Police
33842,California,West,State Police
33844,California,West,State Police
33846,California,West,State Police
33848,California,West,State Police
33850,California,West,State Police
33852,California,West,State Police
33854,California,West,State Police
33856,California,West,State Police
33858,California,West,State Police
33860,California,West,State Police
33862,California,West,State Police
33864,California,West,State Police
33866,California,West,State Police
33870,California,West,State Police
33872,California,West,State Police
33876,California,West,State Police
33878,California,West,State Police
33882,California,West,State Police
33884,California,West,State Police
33888,California,West,State Police
33892,California,West,State Police
33900,California,West,State Police
33910,California,West,State Police
33912,California,West,State Police
33914,California,West,State Police
33916,California,West,State Police
33918,California,West,State Police
33920,California,West,State Police
33922,California,West,State Police
33924,California,West,State Police
33926,California,West,State Police
33928,California,West,State Police
33932,California,West,State Police
33942,California,West,State Police
33944,California,West,State Police
33946,California,West,State Police
33948,California,West,State Police
33950,California,West,State Police
33952,California,West,State Police
33954,California,West,State Police
33960,California,West,State Police
33962,California,West,State Police
33964,California,West,State Police
33966,California,West,State Police
33968,California,West,State Police
33970,California,West,State Police
33974,California,West,State Police
33976,California,West,State Police
33978,California,West,State Police
33980,California,West,State Police
33982,California,West,State Police
33986,California,West,State Police
33988,California,West,State Police
33990,California,West,State Police
33992,California,West,State Police
33996,California,West,State Police
33998,California,West,State Police
34002,California,West,State Police
34004,California,West,State Police
34006,California,West,State Police
34010,California,West,State Police
34014,California,West,State Police
34016,California,West,State Police
34018,California,West,State Police
34022,California,West,State Police
34024,California,West,State Police
34026,California,West,State Police
34028,California,West,State Police
34030,California,West,State Police
34032,California,West,State Police
34034,California,West,State Police
34036,California,West,State Police
34038,California,West,State Police
34040,California,West,State Police
34042,California,West,State Police
34044,California,West,State Police
34048,California,West,State Police
34050,California,West,State Police
34052,California,West,State Police
34054,California,West,State Police
34056,California,West,State Police
34058,California,West,State Police
34060,California,West,State Police
34062,California,West,State Police
34064,California,West,State Police
34066,California,West,State Police
34068,California,West,State Police
34070,California,West,State Police
34072,California,West,State Police
34074,California,West,State Police
34076,California,West,State Police
34078,California,West,State Police
34080,California,West,State Police
34082,California,West,State Police
34084,California,West,State Police
34086,California,West,State Police
34088,California,West,State Police
34090,California,West,State Police
34092,California,West,State Police
34094,California,West,State Police
34096,California,West,State Police
34098,California,West,State Police
34100,California,West,State Police
34102,California,West,State Police
34104,California,West,State Police
34106,California,West,State Police
34108,California,West,State Police
34110,California,West,State Police
34112,California,West,State Police
34114,California,West,State Police
34118,California,West,State Police
34122,California,West,State Police
34130,California,West,University or College
35721,California,West,City
35723,California,West,University or College
35725,California,West,City
1528,California,West,City
35727,California,West,Other State Agency
35729,California,West,Other State Agency
35731,California,West,City
35733,California,West,University or College
35735,California,West,City
35737,California,West,City
35795,California,West,Other State Agency
35799,California,West,University or College
1529,California,West,City
1530,California,West,University or College
1534,California,West,Other State Agency
1536,California,West,Other State Agency
1537,California,West,Other State Agency
1539,California,West,University or College
1540,California,West,University or College
1543,California,West,City
1544,California,West,City
1545,California,West,City
1546,California,West,City
1547,California,West,City
1551,California,West,University or College
1558,California,West,University or College
1562,California,West,City
1565,California,West,City
1566,California,West,City
1567,California,West,City
1572,California,West,Other
1577,California,West,County
1578,California,West,City
1579,California,West,City
1581,California,West,City
1584,California,West,University or College
1585,California,West,City
1587,California,West,Other State Agency
1589,California,West,Other State Agency
1594,California,West,County
1595,California,West,City
1596,California,West,City
1597,California,West,City
1598,California,West,City
1599,California,West,City
1600,California,West,City
1602,California,West,City
1603,California,West,City
1605,California,West,City
1607,California,West,City
1608,California,West,City
1610,California,West,City
1611,California,West,City
1613,California,West,City
1614,California,West,City
1619,California,West,City
1624,California,West,City
1625,California,West,City
1626,California,West,City
1635,California,West,University or College
1642,California,West,City
1643,California,West,City
1645,California,West,City
1646,California,West,City
1647,California,West,City
1648,California,West,City
1649,California,West,City
1650,California,West,City
1652,California,West,City
1654,California,West,City
1655,California,West,University or College
1661,California,West,University or College
1666,California,West,County
1670,California,West,City
1674,California,West,Other State Agency
959,California,West,City
977,California,West,City
989,California,West,City
1001,California,West,City
944,California,West,City
1146,California,West,City
1011,California,West,City
1197,California,West,City
1057,California,West,Other State Agency
1211,California,West,City
1283,California,West,City
1349,California,West,City
1350,California,West,City
1354,California,West,City
1315,California,West,City
1491,California,West,University or College
1507,California,West,University or College
1365,California,West,City
1392,California,West,County
1397,California,West,City
1418,California,West,City
1420,California,West,City
1430,California,West,City
1442,California,West,University or College
1450,California,West,County
1453,California,West,City
1465,California,West,City
1561,California,West,County
1478,,,
1564,California,West,City
1580,California,West,City
1582,California,West,City
1732,California,West,City
1640,California,West,City
1752,California,West,County
1767,California,West,County
1651,California,West,City
1778,California,West,University or College
1789,California,West,City
1818,California,West,City
1825,California,West,Tribal
33898,California,West,State Police
33934,California,West,State Police
33958,California,West,State Police
1667,California,West,City
1668,California,West,City
1669,California,West,City
1677,California,West,County
1679,California,West,City
1698,California,West,City
37901,California,West,University or College
37965,California,West,University or College
38602,California,West,Other State Agency
38604,California,West,Other State Agency
38606,California,West,Other State Agency
38610,California,West,Other State Agency
38614,California,West,Other State Agency
38616,California,West,Other State Agency
38620,California,West,Other State Agency
38622,California,West,Other State Agency
38624,California,West,Other State Agency
38626,California,West,Other State Agency
38628,California,West,Other State Agency
38634,California,West,Other State Agency
38636,California,West,Other State Agency
38638,California,West,Other State Agency
38640,California,West,Other State Agency
38642,California,West,Other State Agency
38644,California,West,Other State Agency
39483,California,West,University or College
39485,California,West,University or College
940,California,West,City
1017,California,West,Other
1029,California,West,County
954,California,West,Other
1109,California,West,City
1160,California,West,University or College
1086,California,West,City
1279,California,West,County
1206,California,West,City
1357,California,West,City
1229,California,West,City
1416,California,West,City
1682,California,West,Other
1704,California,West,County
1552,California,West,Other
1563,California,West,City
1616,California,West,Other
1785,California,West,County
1786,California,West,City
1787,California,West,City
1788,California,West,City
1790,California,West,City
1792,California,West,City
1797,California,West,City
1816,California,West,County
33874,California,West,State Police
34120,California,West,State Police
38608,California,West,Other State Agency
38612,California,West,Other State Agency
38618,California,West,Other State Agency
38632,California,West,Other State Agency
39932,California,West,Other State Agency
42882,California,West,University or College
18753,Texas,South,City
18895,Texas,South,County
18896,Texas,South,City
18897,Texas,South,City
18754,Texas,South,City
18899,Texas,South,County
18757,Texas,South,City
18900,Texas,South,City
18901,Texas,South,City
18903,Texas,South,County
18904,Texas,South,City
18906,Texas,South,County
18758,Texas,South,County
18759,Texas,South,City
18760,Texas,South,City
18761,Texas,South,City
18907,Texas,South,City
18762,Texas,South,City
18765,Texas,South,City
18766,Texas,South,City
18768,Texas,South,City
18770,Texas,South,County
18771,Texas,South,County
18772,Texas,South,City
18773,Texas,South,City
18908,Texas,South,City
18909,Texas,South,City
18774,Texas,South,City
18775,Texas,South,City
18776,Texas,South,County
18777,Texas,South,City
18778,Texas,South,City
18779,Texas,South,City
18781,Texas,South,County
18782,Texas,South,City
18783,Texas,South,County
18910,Texas,South,City
18911,Texas,South,City
18784,Texas,South,County
18912,Texas,South,City
18913,Texas,South,City
18914,Texas,South,City
18915,Texas,South,City
18785,Texas,South,City
18918,Texas,South,City
18786,Texas,South,City
18919,Texas,South,University or College
18787,Texas,South,City
18921,Texas,South,Other
18788,Texas,South,County
18789,Texas,South,City
18790,Texas,South,County
18923,Texas,South,City
18924,Texas,South,City
18925,Texas,South,County
18791,Texas,South,City
18926,Texas,South,City
18927,Texas,South,County
18928,Texas,South,City
18929,Texas,South,County
18930,Texas,South,City
18792,Texas,South,County
18931,Texas,South,City
18932,Texas,South,City
18933,Texas,South,City
18935,Texas,South,County
18936,Texas,South,City
18938,Texas,South,County
18794,Texas,South,City
18939,Texas,South,City
18940,Texas,South,Other
18941,Texas,South,County
18795,Texas,South,City
18942,Texas,South,City
18796,Texas,South,City
18943,Texas,South,City
18946,Texas,South,City
18947,Texas,South,County
18948,Texas,South,City
18949,Texas,South,County
18951,Texas,South,County
18953,Texas,South,County
18955,Texas,South,City
18956,Texas,South,City
18957,Texas,South,County
18959,Texas,South,City
18960,Texas,South,City
18961,Texas,South,City
18797,Texas,South,City
18798,Texas,South,City
18799,Texas,South,University or College
18800,Texas,South,City
18802,Texas,South,Other
18804,Texas,South,City
18806,Texas,South,County
18962,Texas,South,City
18807,Texas,South,City
18808,Texas,South,City
18809,Texas,South,City
18810,Texas,South,City
18963,Texas,South,City
18811,Texas,South,City
18812,Texas,South,City
18813,Texas,South,City
18814,Texas,South,City
18815,Texas,South,City
18816,Texas,South,City
18817,Texas,South,City
18818,Texas,South,City
18819,Texas,South,City
18820,Texas,South,City
18821,Texas,South,University or College
18822,Texas,South,University or College
18823,Texas,South,Other
18825,Texas,South,City
18826,Texas,South,City
18827,Texas,South,City
18964,Texas,South,City
18829,Texas,South,University or College
18832,Texas,South,City
18965,Texas,South,City
18833,Texas,South,University or College
18834,Texas,South,County
18835,Texas,South,City
18837,Texas,South,County
18838,Texas,South,County
18839,Texas,South,City
18840,Texas,South,City
18841,Texas,South,City
18843,Texas,South,County
18966,Texas,South,City
18845,Texas,South,City
18967,Texas,South,City
18846,Texas,South,City
18968,Texas,South,City
18847,Texas,South,City
18969,Texas,South,City
18970,Texas,South,City
18971,Texas,South,City
18972,Texas,South,County
18974,Texas,South,County
18975,Texas,South,City
18977,Texas,South,City
18978,Texas,South,County
18979,Texas,South,City
18980,Texas,South,City
18981,Texas,South,City
18982,Texas,South,County
18983,Texas,South,City
18848,Texas,South,City
18984,Texas,South,City
18985,Texas,South,County
18849,Texas,South,City
18987,Texas,South,County
18850,Texas,South,County
18988,Texas,South,City
18991,Texas,South,County
18992,Texas,South,City
18851,Texas,South,City
18993,Texas,South,City
18852,Texas,South,City
18853,Texas,South,City
18855,Texas,South,City
18997,Texas,South,County
18998,Texas,South,City
18999,Texas,South,County
19000,Texas,South,County
19006,Texas,South,County
19007,Texas,South,City
18856,Texas,South,City
19008,Texas,South,County
18857,Texas,South,City
19009,Texas,South,City
18858,Texas,South,City
19010,Texas,South,City
19011,Texas,South,City
19012,Texas,South,City
19013,Texas,South,City
19014,Texas,South,City
18859,Texas,South,City
18860,Texas,South,City
18861,Texas,South,City
18863,Texas,South,City
18866,Texas,South,City
18867,Texas,South,City
19015,Texas,South,City
18868,Texas,South,City
18869,Texas,South,Other
18870,Texas,South,Other
18871,Texas,South,County
18872,Texas,South,City
19016,Texas,South,City
19017,Texas,South,City
18873,Texas,South,City
19018,Texas,South,City
18874,Texas,South,University or College
18875,Texas,South,County
18876,Texas,South,City
18877,Texas,South,University or College
18878,Texas,South,County
18879,Texas,South,County
18880,Texas,South,City
18881,Texas,South,County
18883,Texas,South,City
18884,Texas,South,City
18885,Texas,South,County
18886,Texas,South,City
18887,Texas,South,City
18888,Texas,South,County
18889,Texas,South,City
18890,Texas,South,City
18891,Texas,South,City
18893,Texas,South,City
19098,Texas,South,County
19099,Texas,South,City
19100,Texas,South,City
19101,Texas,South,City
19102,Texas,South,City
19104,Texas,South,City
19105,Texas,South,City
19019,Texas,South,City
19106,Texas,South,City
19107,Texas,South,County
19108,Texas,South,City
19109,Texas,South,City
19020,Texas,South,City
19021,Texas,South,City
19022,Texas,South,City
19024,Texas,South,City
19025,Texas,South,City
19110,Texas,South,University or College
19111,Texas,South,University or College
19113,Texas,South,Other
19114,Texas,South,City
19115,Texas,South,City
19117,Texas,South,Other
19118,Texas,South,County
19119,Texas,South,City
19120,Texas,South,City
19121,Texas,South,University or College
19124,Texas,South,City
19126,Texas,South,County
19026,Texas,South,City
19127,Texas,South,City
19129,Texas,South,City
19130,Texas,South,County
19131,Texas,South,City
19132,Texas,South,City
19133,Texas,South,City
19137,Texas,South,County
19138,Texas,South,City
19139,Texas,South,City
19140,Texas,South,County
19142,Texas,South,County
19027,Texas,South,City
19028,Texas,South,City
19029,Texas,South,City
19030,Texas,South,City
19031,Texas,South,University or College
19032,Texas,South,University or College
19034,Texas,South,City
19039,Texas,South,City
19041,Texas,South,University or College
19042,Texas,South,University or College
19043,Texas,South,City
19143,Texas,South,City
19046,Texas,South,County
19048,Texas,South,County
19049,Texas,South,City
19050,Texas,South,County
19052,Texas,South,County
19053,Texas,South,City
19144,Texas,South,City
19054,Texas,South,City
19145,Texas,South,City
19146,Texas,South,City
19147,Texas,South,City
19055,Texas,South,City
19148,Texas,South,City
19150,Texas,South,City
19151,Texas,South,City
19152,Texas,South,Other
19153,Texas,South,County
19154,Texas,South,County
19056,Texas,South,City
19155,Texas,South,City
19156,Texas,South,City
19157,Texas,South,City
19159,Texas,South,City
19161,Texas,South,County
19163,Texas,South,City
19164,Texas,South,County
19165,Texas,South,City
19166,Texas,South,City
19167,Texas,South,City
19168,Texas,South,City
19169,Texas,South,City
19170,Texas,South,City
19057,Texas,South,City
19058,Texas,South,City
19059,Texas,South,University or College
19060,Texas,South,University or College
19061,Texas,South,City
19171,Texas,South,City
19062,Texas,South,City
19172,Texas,South,City
19063,Texas,South,City
19064,Texas,South,City
19065,Texas,South,City
19066,Texas,South,City
19067,Texas,South,City
19068,Texas,South,City
19069,Texas,South,City
19071,Texas,South,City
19072,Texas,South,City
19073,Texas,South,City
19074,Texas,South,County
19075,Texas,South,City
19173,Texas,South,University or College
19081,Texas,South,County
19083,Texas,South,County
19175,Texas,South,City
19177,Texas,South,City
19086,Texas,South,City
19087,Texas,South,County
19088,Texas,South,City
19180,Texas,South,County
19182,Texas,South,County
19089,Texas,South,City
19091,Texas,South,City
19183,Texas,South,City
19093,Texas,South,County
19094,Texas,South,City
19184,Texas,South,County
19185,Texas,South,County
19187,Texas,South,County
19188,Texas,South,City
19190,Texas,South,City
19191,Texas,South,County
19192,Texas,South,City
19193,Texas,South,County
19095,Texas,South,University or College
19096,Texas,South,Other
19097,Texas,South,County
19194,Texas,South,City
19263,Texas,South,University or College
19195,Texas,South,City
19264,Texas,South,University or College
19265,Texas,South,City
19267,Texas,South,University or College
19268,Texas,South,Other
19270,Texas,South,University or College
19271,Texas,South,Other
19197,Texas,South,City
19273,Texas,South,City
19275,Texas,South,Other
19276,Texas,South,Other
19277,Texas,South,Other
19278,Texas,South,Other
19279,Texas,South,Other
19280,Texas,South,University or College
19281,Texas,South,Other
19198,Texas,South,City
19200,Texas,South,City
19201,Texas,South,City
19204,Texas,South,City
19205,Texas,South,City
19206,Texas,South,County
19282,Texas,South,County
19207,Texas,South,City
19283,Texas,South,City
19284,Texas,South,City
19208,Texas,South,City
19286,Texas,South,Other
19287,Texas,South,County
19288,Texas,South,County
19289,Texas,South,City
19291,Texas,South,County
19209,Texas,South,City
19292,Texas,South,City
19210,Texas,South,City
19211,Texas,South,County
19212,Texas,South,City
19214,Texas,South,City
19215,Texas,South,City
19293,Texas,South,University or College
19216,Texas,South,City
19294,Texas,South,City
19217,Texas,South,City
19295,Texas,South,City
19296,Texas,South,County
19298,Texas,South,County
19219,Texas,South,City
19221,Texas,South,City
19299,Texas,South,City
19301,Texas,South,City
19302,Texas,South,City
19305,Texas,South,City
19306,Texas,South,City
19308,Texas,South,County
19222,Texas,South,County
19223,Texas,South,City
19224,Texas,South,County
19225,Texas,South,City
19227,Texas,South,County
19229,Texas,South,City
19230,Texas,South,County
19233,Texas,South,County
19234,Texas,South,City
19235,Texas,South,City
19236,Texas,South,City
19237,Texas,South,City
19238,Texas,South,County
19309,Texas,South,City
19310,Texas,South,City
19312,Texas,South,City
19313,Texas,South,City
19314,Texas,South,City
19316,Texas,South,City
19317,Texas,South,City
19318,Texas,South,City
19319,Texas,South,City
19320,Texas,South,City
19321,Texas,South,City
19322,Texas,South,City
19324,Texas,South,City
19325,Texas,South,City
19327,Texas,South,Other
19329,Texas,South,City
19331,Texas,South,City
19332,Texas,South,County
19333,Texas,South,City
19335,Texas,South,City
19336,Texas,South,City
19338,Texas,South,County
19339,Texas,South,City
19341,Texas,South,University or College
19344,Texas,South,County
19345,Texas,South,City
19347,Texas,South,County
19349,Texas,South,City
19350,Texas,South,County
19351,Texas,South,City
19352,Texas,South,City
19353,Texas,South,County
19354,Texas,South,City
19355,Texas,South,County
19356,Texas,South,County
19358,Texas,South,City
19359,Texas,South,City
19361,Texas,South,University or College
19362,Texas,South,City
19367,Texas,South,County
19368,Texas,South,City
19369,Texas,South,City
19370,Texas,South,County
19371,Texas,South,County
19372,Texas,South,City
19373,Texas,South,County
19374,Texas,South,City
19375,Texas,South,City
19376,Texas,South,County
19377,Texas,South,City
19379,Texas,South,County
19380,Texas,South,County
19381,Texas,South,City
19382,Texas,South,City
19384,Texas,South,City
19386,Texas,South,City
19387,Texas,South,City
19388,Texas,South,University or College
19389,Texas,South,County
19390,Texas,South,County
19391,Texas,South,City
19394,Texas,South,County
19395,Texas,South,City
19396,Texas,South,City
19397,Texas,South,City
19398,Texas,South,City
19399,Texas,South,City
19400,Texas,South,City
19401,Texas,South,County
19403,Texas,South,City
19404,Texas,South,City
19406,Texas,South,County
19407,Texas,South,City
19408,Texas,South,City
19409,Texas,South,County
19410,Texas,South,City
19411,Texas,South,City
19412,Texas,South,City
19413,Texas,South,City
19414,Texas,South,City
19416,Texas,South,County
19417,Texas,South,City
19418,Texas,South,County
19420,Texas,South,County
19421,Texas,South,City
19422,Texas,South,City
19423,Texas,South,County
19424,Texas,South,City
19428,Texas,South,County
19429,Texas,South,City
19432,Texas,South,City
19434,Texas,South,County
19435,Texas,South,City
19436,Texas,South,University or College
19437,Texas,South,City
19438,Texas,South,County
19439,Texas,South,City
19440,Texas,South,City
19442,Texas,South,City
19443,Texas,South,County
19444,Texas,South,City
19446,Texas,South,City
19447,Texas,South,County
19449,Texas,South,County
19450,Texas,South,City
19451,Texas,South,City
19452,Texas,South,County
19453,Texas,South,City
19455,Texas,South,County
19456,Texas,South,County
19458,Texas,South,City
19459,Texas,South,City
19461,Texas,South,County
19462,Texas,South,City
19463,Texas,South,City
19465,Texas,South,County
19468,Texas,South,County
19469,Texas,South,City
19470,Texas,South,City
19471,Texas,South,County
19472,Texas,South,County
19473,Texas,South,City
19474,Texas,South,City
19239,Texas,South,City
19475,Texas,South,City
19476,Texas,South,City
19477,Texas,South,University or College
19478,Texas,South,City
19483,Texas,South,County
19484,Texas,South,City
19240,Texas,South,City
19486,Texas,South,County
19487,Texas,South,City
19241,Texas,South,City
19488,Texas,South,County
19243,Texas,South,City
19244,Texas,South,City
19489,Texas,South,City
19491,Texas,South,City
19245,Texas,South,City
19492,Texas,South,City
19246,Texas,South,City
19247,Texas,South,City
19493,Texas,South,City
19497,Texas,South,City
19248,Texas,South,City
19498,Texas,South,City
19249,Texas,South,City
19250,Texas,South,City
19251,Texas,South,City
19252,Texas,South,City
19499,Texas,South,City
19500,Texas,South,City
19254,Texas,South,City
19501,Texas,South,University or College
19503,Texas,South,University or College
19505,Texas,South,City
19507,Texas,South,County
19508,Texas,South,City
19255,Texas,South,City
19509,Texas,South,County
19511,Texas,South,County
19512,Texas,South,City
19513,Texas,South,County
19514,Texas,South,County
19256,Texas,South,City
19515,Texas,South,City
19257,Texas,South,City
19258,Texas,South,City
19516,Texas,South,City
19517,Texas,South,Other
19519,Texas,South,City
19259,Texas,South,City
19260,Texas,South,University or College
19520,Texas,South,County
19521,Texas,South,City
19522,Texas,South,City
19523,Texas,South,City
19526,Texas,South,County
19261,Texas,South,University or College
19527,Texas,South,City
19637,Texas,South,City
19638,Texas,South,City
19639,Texas,South,City
19640,Texas,South,County
19641,Texas,South,City
19642,Texas,South,City
19643,Texas,South,City
19644,Texas,South,County
19528,Texas,South,Other
19529,Texas,South,County
19530,Texas,South,City
19531,Texas,South,City
19532,Texas,South,City
19533,Texas,South,County
19645,Texas,South,City
19536,Texas,South,County
19537,Texas,South,City
19540,Texas,South,County
19646,Texas,South,City
19647,Texas,South,City
19648,Texas,South,County
19650,Texas,South,City
19651,Texas,South,County
19652,Texas,South,City
19655,Texas,South,City
19657,Texas,South,City
19658,Texas,South,City
19659,Texas,South,City
19661,Texas,South,Other
19663,Texas,South,City
19664,Texas,South,County
19665,Texas,South,County
19666,Texas,South,City
19668,Texas,South,County
19670,Texas,South,County
19671,Texas,South,City
19674,Texas,South,County
19675,Texas,South,City
19676,Texas,South,City
19678,Texas,South,City
19541,Texas,South,City
19542,Texas,South,City
19543,Texas,South,City
19544,Texas,South,City
19545,Texas,South,City
19546,Texas,South,City
19548,Texas,South,City
19549,Texas,South,City
19551,Texas,South,Other
19552,Texas,South,County
19553,Texas,South,City
19679,Texas,South,City
19680,Texas,South,University or College
19681,Texas,South,University or College
19682,Texas,South,University or College
19554,Texas,South,City
19555,Texas,South,City
19683,Texas,South,City
19685,Texas,South,County
19557,Texas,South,City
19686,Texas,South,County
19558,Texas,South,City
19687,Texas,South,City
19560,Texas,South,City
19688,Texas,South,City
19561,Texas,South,County
19562,Texas,South,County
19689,Texas,South,City
19690,Texas,South,Other
19691,Texas,South,County
19692,Texas,South,City
19563,Texas,South,City
19693,Texas,South,County
19695,Texas,South,County
19696,Texas,South,City
19697,Texas,South,County
19699,Texas,South,City
19700,Texas,South,County
19564,Texas,South,University or College
19565,Texas,South,County
19566,Texas,South,City
19567,Texas,South,City
19568,Texas,South,County
19569,Texas,South,County
19701,Texas,South,City
19570,Texas,South,City
19572,Texas,South,County
19574,Texas,South,City
19702,Texas,South,City
19703,Texas,South,City
19575,Texas,South,City
19576,Texas,South,City
19580,Texas,South,County
19581,Texas,South,City
19582,Texas,South,County
19583,Texas,South,County
19584,Texas,South,City
19704,Texas,South,City
19705,Texas,South,City
19706,Texas,South,City
19585,Texas,South,City
19707,Texas,South,City
19586,Texas,South,City
19708,Texas,South,City
19587,Texas,South,City
19588,Texas,South,City
19590,Texas,South,County
19591,Texas,South,City
19709,Texas,South,City
19710,Texas,South,City
19592,Texas,South,County
19593,Texas,South,City
19711,Texas,South,City
19594,Texas,South,County
19595,Texas,South,City
19597,Texas,South,City
19598,Texas,South,City
19599,Texas,South,County
19600,Texas,South,City
19601,Texas,South,City
19602,Texas,South,City
19604,Texas,South,City
19605,Texas,South,County
19606,Texas,South,City
19607,Texas,South,City
19608,Texas,South,City
19609,Texas,South,County
19610,Texas,South,City
19611,Texas,South,University or College
19613,Texas,South,Other
19614,Texas,South,County
19615,Texas,South,City
19617,Texas,South,County
19618,Texas,South,County
19619,Texas,South,City
19620,Texas,South,University or College
19621,Texas,South,County
19623,Texas,South,County
19624,Texas,South,County
19625,Texas,South,City
19626,Texas,South,City
19628,Texas,South,City
19629,Texas,South,County
19630,Texas,South,City
19632,Texas,South,County
19633,Texas,South,City
19634,Texas,South,City
19635,Texas,South,City
19636,Texas,South,County
19832,Texas,South,City
19833,Texas,South,City
19834,Texas,South,City
19835,Texas,South,City
19836,Texas,South,City
19712,Texas,South,City
19837,Texas,South,City
19838,Texas,South,University or College
19839,Texas,South,City
19713,Texas,South,City
19840,Texas,South,City
19842,Texas,South,City
19843,Texas,South,County
19844,Texas,South,City
19847,Texas,South,Other
19848,Texas,South,County
19849,Texas,South,City
19850,Texas,South,City
19851,Texas,South,County
19852,Texas,South,City
19853,Texas,South,City
19854,Texas,South,City
19855,Texas,South,County
19856,Texas,South,City
19857,Texas,South,City
19858,Texas,South,City
19859,Texas,South,City
19860,Texas,South,County
19861,Texas,South,City
19862,Texas,South,County
19863,Texas,South,City
19864,Texas,South,City
19865,Texas,South,County
19866,Texas,South,County
19869,Texas,South,City
19714,Texas,South,City
19715,Texas,South,City
19716,Texas,South,City
19717,Texas,South,City
19718,Texas,South,City
19719,Texas,South,City
19720,Texas,South,City
19721,Texas,South,City
19722,Texas,South,City
19723,Texas,South,City
19724,Texas,South,City
19725,Texas,South,City
19726,Texas,South,City
19727,Texas,South,City
19728,Texas,South,City
19729,Texas,South,City
19730,Texas,South,City
19731,Texas,South,University or College
19733,Texas,South,Other
19734,Texas,South,University or College
19735,Texas,South,City
19736,Texas,South,City
19738,Texas,South,Other
19739,Texas,South,County
19740,Texas,South,City
19741,Texas,South,City
19742,Texas,South,City
19743,Texas,South,University or College
19746,Texas,South,County
19747,Texas,South,City
19748,Texas,South,County
19749,Texas,South,County
19750,Texas,South,City
19751,Texas,South,County
19752,Texas,South,City
19753,Texas,South,University or College
19755,Texas,South,County
19756,Texas,South,City
19757,Texas,South,City
19758,Texas,South,City
19759,Texas,South,City
19760,Texas,South,University or College
19761,Texas,South,City
19762,Texas,South,City
19763,Texas,South,City
19764,Texas,South,City
19765,Texas,South,City
19766,Texas,South,City
19767,Texas,South,Other
19768,Texas,South,City
19769,Texas,South,Other
19770,Texas,South,County
19772,Texas,South,County
19773,Texas,South,City
19774,Texas,South,County
19775,Texas,South,City
19776,Texas,South,City
19777,Texas,South,City
19779,Texas,South,County
19781,Texas,South,County
19782,Texas,South,City
19783,Texas,South,City
19784,Texas,South,County
19786,Texas,South,County
19788,Texas,South,City
19789,Texas,South,City
19790,Texas,South,City
19791,Texas,South,City
19792,Texas,South,County
19793,Texas,South,City
19794,Texas,South,County
19795,Texas,South,City
19796,Texas,South,County
19870,Texas,South,City
19797,Texas,South,City
19798,Texas,South,City
19799,Texas,South,City
19800,Texas,South,University or College
19802,Texas,South,County
19803,Texas,South,City
19804,Texas,South,County
19805,Texas,South,City
19807,Texas,South,County
19808,Texas,South,City
19810,Texas,South,University or College
19812,Texas,South,Other
19813,Texas,South,County
19814,Texas,South,City
19815,Texas,South,City
19816,Texas,South,County
19818,Texas,South,County
19819,Texas,South,City
19820,Texas,South,City
19821,Texas,South,City
19822,Texas,South,City
19823,Texas,South,University or College
19824,Texas,South,County
19825,Texas,South,City
19826,Texas,South,County
19828,Texas,South,City
19829,Texas,South,Other
19831,Texas,South,County
22859,Texas,South,Other
22869,Texas,South,Other
22879,Texas,South,City
23047,Texas,South,City
23048,Texas,South,University or College
23100,Texas,South,City
23129,Texas,South,Other
23142,Texas,South,Other
23161,Texas,South,City
23188,Texas,South,Other
23200,Texas,South,City
25406,Texas,South,City
25409,Texas,South,City
25431,Texas,South,City
25581,Texas,South,Other
25661,Texas,South,Other
25713,Texas,South,City
25846,Texas,South,University or College
25878,Texas,South,Other
25906,Texas,South,Tribal
26225,Texas,South,City
26228,Texas,South,City
26229,Texas,South,City
26265,Texas,South,Other
26289,Texas,South,Other
26290,Texas,South,City
26620,Texas,South,Other
27047,Texas,South,City
27340,Texas,South,City
27341,Texas,South,University or College
27352,Texas,South,City
27733,Texas,South,City
27734,Texas,South,University or College
27753,Texas,South,City
27754,Texas,South,Other
28214,Texas,South,City
28216,Texas,South,City
28217,Texas,South,University or College
28254,Texas,South,University or College
28314,Texas,South,City
28334,Texas,South,Other
28335,Texas,South,City
28336,Texas,South,City
28594,Texas,South,City
28636,Texas,South,City
28637,Texas,South,City
28674,Texas,South,City
28675,Texas,South,City
28676,Texas,South,Other
28677,Texas,South,Other
28678,Texas,South,Other
28679,Texas,South,Other
28794,Texas,South,University or College
28795,Texas,South,City
28814,Texas,South,University or College
28934,Texas,South,Other
28954,Texas,South,City
29015,Texas,South,City
29034,Texas,South,City
29254,Texas,South,Other
29475,Texas,South,Other
29495,Texas,South,Other
29534,Texas,South,Other
29575,Texas,South,Other
29834,Texas,South,University or College
29874,Texas,South,City
29934,Texas,South,Other
30114,Texas,South,City
30734,Texas,South,Other
30754,Texas,South,Other
30874,Texas,South,University or College
31094,Texas,South,Other
31994,Texas,South,Other
32054,Texas,South,Other
32135,Texas,South,Other
32174,Texas,South,Other
32254,Texas,South,City
32334,Texas,South,Other
32806,Texas,South,City
32807,Texas,South,City
32808,Texas,South,Other
32809,Texas,South,University or College
33154,Texas,South,Other
33174,Texas,South,Other
33175,Texas,South,Other
33214,Texas,South,Other
33310,Texas,South,University or College
33318,Texas,South,City
33329,Texas,South,City
33333,Texas,South,University or College
33342,Texas,South,City
33358,Texas,South,Other
33360,Texas,South,City
33363,Texas,South,Other
33370,Texas,South,Other
33372,Texas,South,Other
33378,Texas,South,Other
33384,Texas,South,City
33386,Texas,South,Other
33403,Texas,South,University or College
33411,Texas,South,Other
33413,Texas,South,Other
33439,Texas,South,Other
33441,Texas,South,Other
33453,Texas,South,Other
33461,Texas,South,Other
33476,Texas,South,Other
33478,Texas,South,Other
33669,Texas,South,Other
19871,Texas,South,City
18756,Texas,South,County
18764,Texas,South,County
18882,Texas,South,City
18902,Texas,South,City
18905,Texas,South,City
18954,Texas,South,County
18958,Texas,South,City
19047,Texas,South,City
19122,Texas,South,County
19135,Texas,South,County
19160,Texas,South,City
19103,Texas,South,City
19405,Texas,South,City
19454,Texas,South,City
19490,Texas,South,City
19510,Texas,South,City
19518,Texas,South,County
19556,Texas,South,County
19571,Texas,South,City
19274,Texas,South,Other
19579,Texas,South,City
19589,Texas,South,City
19596,Texas,South,City
19315,Texas,South,City
19631,Texas,South,County
19656,Texas,South,City
19673,Texas,South,City
19330,Texas,South,City
25874,Texas,South,City
25875,Texas,South,City
26226,Texas,South,Other
26310,Texas,South,Other
27343,Texas,South,Other
27735,Texas,South,City
28294,Texas,South,City
33312,Texas,South,City
33331,Texas,South,City
33399,Texas,South,University or College
33671,Texas,South,Other
33709,Texas,South,Other
33774,Texas,South,Other
33785,Texas,South,Other
33814,Texas,South,City
33818,Texas,South,City
34140,Texas,South,City
34147,Texas,South,Other
34171,Texas,South,Other
34210,Texas,South,Other
34396,Texas,South,Other
34426,Texas,South,Other
34434,Texas,South,University or College
34436,Texas,South,Other
34590,Texas,South,City
34698,Texas,South,Other
34830,,,
19778,Texas,South,City
19785,Texas,South,City
19787,Texas,South,City
19811,Texas,South,Other
19846,Texas,South,City
18844,Texas,South,City
18763,Texas,South,City
18767,Texas,South,County
18854,Texas,South,City
18892,Texas,South,City
18894,Texas,South,City
18803,,,
18898,Texas,South,City
18922,Texas,South,City
18824,Texas,South,University or College
18830,Texas,South,Other
18831,Texas,South,Other
19040,Texas,South,Other
19079,Texas,South,County
19001,Texas,South,City
19112,Texas,South,City
19141,Texas,South,City
19158,Texas,South,County
19178,Texas,South,City
19189,Texas,South,City
19196,Texas,South,City
19202,Texas,South,University or College
19199,Texas,South,City
19426,Texas,South,County
19220,Texas,South,City
19431,Texas,South,County
19433,Texas,South,City
19466,Texas,South,County
19467,Texas,South,City
19482,Texas,South,City
19506,Texas,South,County
19525,Texas,South,County
19535,Texas,South,City
19573,Texas,South,City
19578,Texas,South,Other
19266,Texas,South,University or College
19269,Texas,South,Other
19603,Texas,South,County
19616,Texas,South,City
19627,Texas,South,County
19311,Texas,South,City
19649,Texas,South,City
19653,Texas,South,County
19660,Texas,South,City
19684,Texas,South,Other
19694,Texas,South,County
19365,Texas,South,City
19392,Texas,South,City
19402,Texas,South,City
19801,Texas,South,Other
19806,Texas,South,University or College
19827,Texas,South,City
19737,Texas,South,University or College
19845,Texas,South,City
19744,Texas,South,University or College
19867,Texas,South,City
22862,,,
22864,,,
22865,,,
22868,,,
23217,Texas,South,Other
25876,Texas,South,City
25877,Texas,South,City
26293,Texas,South,Other
26691,,,
28315,Texas,South,University or College
28394,Texas,South,University or College
31997,Texas,South,University or College
33459,Texas,South,City
34138,Texas,South,Other
34665,Texas,South,Other
34797,Texas,South,Other
34865,Texas,South,City
35325,Texas,South,Other
35358,Texas,South,Other
36216,Texas,South,Other
36282,Texas,South,City
36480,Texas,South,City
36715,Texas,South,Other
36845,Texas,South,Other
37043,Texas,South,Other
37076,Texas,South,University or College
37208,Texas,South,Other
37214,Texas,South,Other
37216,Texas,South,Other
37274,Texas,South,Other
37276,Texas,South,Other
37278,Texas,South,Other
37338,Texas,South,University or College
37340,Texas,South,City
37410,Texas,South,Other
37414,Texas,South,City
37416,Texas,South,Other
37426,Texas,South,Other
37470,Texas,South,Other
37507,Texas,South,Other State Agency
37515,Texas,South,Other
37521,Texas,South,Other
37527,Texas,South,Other
37544,Texas,South,Other
37548,Texas,South,Other
37560,Texas,South,Other
37602,Texas,South,Other
37734,Texas,South,Other
37742,Texas,South,City
37899,Texas,South,Other
37967,Texas,South,Other
38002,Texas,South,Other
38004,Texas,South,Other
38064,Texas,South,Other
38130,Texas,South,Other
38163,Texas,South,University or College
38167,Texas,South,University or College
38196,Texas,South,Other
38200,Texas,South,Other
38235,Texas,South,Other
38363,Texas,South,Other
38373,Texas,South,Other
38377,Texas,South,Other
38464,Texas,South,Other
38468,Texas,South,Other
38530,Texas,South,Other
38561,Texas,South,Other
38592,Texas,South,City
38658,Texas,South,City
38693,Texas,South,Other
38759,Texas,South,Other
38889,Texas,South,Tribal
39087,Texas,South,Other
39120,Texas,South,University or College
39186,Texas,South,University or College
39223,Texas,South,Other
39252,Texas,South,Other
39290,Texas,South,Other
39292,Texas,South,Other
39390,Texas,South,Other
39450,Texas,South,Other
39549,Texas,South,Other
39749,Texas,South,Other
39848,Texas,South,Other
39924,Texas,South,Other
40048,Texas,South,Other
18828,Texas,South,University or College
18836,Texas,South,City
18801,Texas,South,City
18920,Texas,South,Other
18944,Texas,South,City
18976,Texas,South,City
19125,Texas,South,City
19128,Texas,South,City
19174,Texas,South,University or College
19179,Texas,South,University or College
19360,Texas,South,City
19378,Texas,South,City
19393,Texas,South,City
19457,Texas,South,City
19479,Texas,South,City
19481,Texas,South,Other
19502,Texas,South,City
19504,Texas,South,University or College
19272,Texas,South,University or College
19534,Texas,South,County
19547,Texas,South,City
19346,Texas,South,City
19577,Texas,South,University or College
19771,,,
19841,Texas,South,City
22866,Texas,South,Other
22867,Texas,South,Other
22874,Texas,South,Other
23218,Texas,South,City
23309,Texas,South,City
25405,Texas,South,University or College
25407,Texas,South,City
25408,Texas,South,City
25770,Texas,South,City
25856,Texas,South,Other
27353,Texas,South,City
33274,Texas,South,City
33712,Texas,South,City
34134,Texas,South,Other
37383,Texas,South,Other
37387,Texas,South,Other
37418,Texas,South,Other
37511,Texas,South,Other
37529,Texas,South,Other
37554,Texas,South,City
37558,Texas,South,Other
37604,Texas,South,Other
38000,Texas,South,Other
38526,Texas,South,Other
38559,Texas,South,Other
38598,Texas,South,Other
39188,Texas,South,University or College
39221,Texas,South,Other
39320,Texas,South,Other
39489,Texas,South,Other
39516,Texas,South,Other
39716,Texas,South,Other
39747,Texas,South,Other
40110,Texas,South,City
40275,Texas,South,Other
40343,Texas,South,Other
40671,Texas,South,Other
40673,Texas,South,Other
40704,Texas,South,City
40836,Texas,South,Other
40968,Texas,South,Other
41100,Texas,South,Other
41138,Texas,South,Other
41199,Texas,South,Other
41267,Texas,South,Other
41269,Texas,South,Other
41271,Texas,South,Other
41298,Texas,South,Other
41331,Texas,South,City
41397,Texas,South,Other
41430,Texas,South,University or College
41496,Texas,South,Other
41562,Texas,South,Other
41595,Texas,South,Other
41727,Texas,South,Other
41991,Texas,South,Other
42092,Texas,South,City
42156,Texas,South,City
42193,Texas,South,Other
42255,Texas,South,Other
42290,Texas,South,City
42354,Texas,South,Other
42387,Texas,South,Other
42391,Texas,South,Other
42519,Texas,South,City
42552,Texas,South,City
42585,Texas,South,Other
42618,Texas,South,Other
42653,Texas,South,Other
42752,Texas,South,Other
42915,Texas,South,Other
43015,Texas,South,Other
43246,Texas,South,Other
43247,Texas,South,City
43248,Texas,South,City
43279,Texas,South,Other
43313,Texas,South,Other
43345,Texas,South,Other
43377,Texas,South,Other
43378,Texas,South,Other
43575,Texas,South,City
44071,,,
12946,New York,Northeast,City
13045,New York,Northeast,City
13067,New York,Northeast,County
12948,New York,Northeast,City
13068,New York,Northeast,City
13081,New York,Northeast,City
12968,New York,Northeast,County
13083,New York,Northeast,City
13084,New York,Northeast,City
13088,New York,Northeast,City
12969,New York,Northeast,City
12970,New York,Northeast,City
12971,New York,Northeast,City
12976,New York,Northeast,City
12978,New York,Northeast,County
12979,New York,Northeast,City
12993,New York,Northeast,City
12999,New York,Northeast,County
13000,New York,Northeast,City
13001,New York,Northeast,City
13002,New York,Northeast,City
13009,New York,Northeast,City
13012,New York,Northeast,City
13016,New York,Northeast,City
13017,New York,Northeast,City
13205,New York,Northeast,County
13136,New York,Northeast,County
13137,New York,Northeast,City
13154,New York,Northeast,City
13207,New York,Northeast,City
13162,New York,Northeast,County
13163,New York,Northeast,City
13209,New York,Northeast,City
13184,New York,Northeast,County
13210,New York,Northeast,City
13211,New York,Northeast,City
13212,New York,Northeast,City
13190,New York,Northeast,County
13214,New York,Northeast,City
13419,New York,Northeast,County
13425,New York,Northeast,City
13426,New York,Northeast,City
13427,New York,Northeast,City
13215,New York,Northeast,City
13216,New York,Northeast,City
13218,New York,Northeast,County
13229,New York,Northeast,City
13430,New York,Northeast,City
13261,New York,Northeast,City
13279,New York,Northeast,County
13432,New York,Northeast,City
13281,New York,Northeast,City
13434,New York,Northeast,City
13437,New York,Northeast,County
13438,New York,Northeast,City
13439,New York,Northeast,City
13440,New York,Northeast,City
13441,New York,Northeast,City
13443,New York,Northeast,City
13446,New York,Northeast,County
13282,New York,Northeast,City
13285,New York,Northeast,City
13286,New York,Northeast,City
13287,New York,Northeast,City
13289,New York,Northeast,County
13290,New York,Northeast,City
13460,New York,Northeast,City
13291,New York,Northeast,City
13473,New York,Northeast,County
13475,New York,Northeast,City
13526,New York,Northeast,City
13553,New York,Northeast,County
13556,New York,Northeast,Other
13560,New York,Northeast,City
13561,New York,Northeast,City
13562,New York,Northeast,City
13564,New York,Northeast,City
13565,New York,Northeast,City
13566,New York,Northeast,City
13294,New York,Northeast,City
13567,New York,Northeast,City
13303,New York,Northeast,City
13568,New York,Northeast,City
13569,New York,Northeast,City
13573,New York,Northeast,City
13574,New York,Northeast,County
13335,New York,Northeast,City
13575,New York,Northeast,City
13344,New York,Northeast,City
13584,New York,Northeast,City
13605,New York,Northeast,City
13346,New York,Northeast,City
13349,New York,Northeast,City
13608,New York,Northeast,City
13360,New York,Northeast,City
13367,New York,Northeast,City
13374,New York,Northeast,County
13376,New York,Northeast,City
13385,New York,Northeast,City
13396,New York,Northeast,City
13611,New York,Northeast,City
13621,New York,Northeast,City
13631,New York,Northeast,City
13633,New York,Northeast,City
13641,New York,Northeast,City
13647,New York,Northeast,County
13648,New York,Northeast,City
13653,New York,Northeast,County
14057,New York,Northeast,Tribal
13670,New York,Northeast,University or College
13675,New York,Northeast,University or College
13676,New York,Northeast,University or College
13678,New York,Northeast,University or College
13680,New York,Northeast,University or College
13682,New York,Northeast,University or College
13683,New York,Northeast,University or College
13687,New York,Northeast,University or College
13693,New York,Northeast,University or College
13694,New York,Northeast,University or College
14058,New York,Northeast,Tribal
13695,New York,Northeast,University or College
23153,New York,Northeast,City
29174,New York,Northeast,City
13697,New York,Northeast,University or College
12939,New York,Northeast,City
13056,New York,Northeast,County
13057,New York,Northeast,City
13058,New York,Northeast,City
13072,New York,Northeast,City
12992,New York,Northeast,County
13033,New York,Northeast,City
13091,New York,Northeast,City
13206,New York,Northeast,City
13132,New York,Northeast,City
13133,New York,Northeast,City
13138,New York,Northeast,City
13338,New York,Northeast,City
13347,New York,Northeast,City
13384,New York,Northeast,County
13428,New York,Northeast,City
13431,New York,Northeast,City
13213,New York,Northeast,City
13227,New York,Northeast,City
13464,New York,Northeast,City
13465,New York,Northeast,County
13471,New York,Northeast,County
13478,New York,Northeast,County
13538,New York,Northeast,County
13539,New York,Northeast,City
13581,New York,Northeast,County
13679,New York,Northeast,University or College
13021,New York,Northeast,County
13022,New York,Northeast,City
13024,New York,Northeast,City
13026,New York,Northeast,City
13069,New York,Northeast,City
13087,New York,Northeast,County
13198,New York,Northeast,County
13199,New York,Northeast,City
13200,New York,Northeast,City
13202,New York,Northeast,City
13093,New York,Northeast,City
13094,New York,Northeast,City
13100,New York,Northeast,City
13107,New York,Northeast,City
13109,New York,Northeast,City
13112,New York,Northeast,City
13117,New York,Northeast,City
13131,New York,Northeast,County
13365,New York,Northeast,City
13375,New York,Northeast,City
13274,New York,Northeast,City
13433,New York,Northeast,City
13483,New York,Northeast,City
13510,New York,Northeast,City
13543,New York,Northeast,City
13545,New York,Northeast,County
13546,New York,Northeast,City
13547,New York,Northeast,City
13549,New York,Northeast,City
13550,New York,Northeast,City
13551,New York,Northeast,City
13571,New York,Northeast,City
13602,New York,Northeast,City
13609,New York,Northeast,City
13672,New York,Northeast,University or College
13023,New York,Northeast,City
13061,New York,Northeast,County
13082,New York,Northeast,City
13090,New York,Northeast,City
13103,New York,Northeast,City
13203,New York,Northeast,City
13114,New York,Northeast,City
13116,New York,Northeast,City
13391,New York,Northeast,County
13397,New York,Northeast,City
13222,New York,Northeast,City
13523,New York,Northeast,City
